,2020,2021,2022,2023,2024,2025,2026,2027,2028,2029,2030,2031,2032,2033,2034,2035,2036,2037,2038,2039,2040,2041,2042,2043,2044,2045,2046,2047,2048,2049,2050
male,8958113,9224316,10006278,9699316,9703056,9965760,10228240,10490466,10751994,11011492,11320086,11573700,11875482,12121200,12413760,12700980,13023175,13291880,13609890,13925730,14239400,14521855.6,14851067,15126092.8,15397531.8,15665384,15894248.6,16117992,16288137.6,16453893.6,16567515
female,7767150,8032410,8658282,8298880,8353968,8616230,8930240,9192141,9505386,9764908,10021911,10328100,10579032,10878000,11172384,11461860,11684825,12008880,12228435,12548460,12866315,13206286.8,13491816.8,13873932.8,14201607,14624330,14959292.8,15287671.2,15657941.8,15924674.8,16137810
white,0,0,0,0,0,0,0,0,0,0,0,0,0,0,0,0,0,0,0,0,0,0,0,0,0,0,0,0,0,0,0
black,0,0,0,0,0,0,0,0,0,0,0,0,0,0,0,0,0,0,0,0,0,0,0,0,0,0,0,0,0,0,0
asian,16725263,17256726,18664560,17998196,18057024,18581990,19158480,19682607,20257380,20776400,21341997,21901800,22454514,22999200,23586144,24162840,24708000,25300760,25838325,26474190,27105715,27728142,28342884,29000026,29599139,30289714,30853541,31405663,31946079,32378568,32705325
other race,0,0,0,0,0,0,0,0,0,0,0,0,0,0,0,0,0,0,0,0,0,0,0,0,0,0,0,0,0,0,0
hispanic,0,0,0,0,0,0,0,0,0,0,0,0,0,0,0,0,0,0,0,0,0,0,0,0,0,0,0,0,0,0,0
nonhispanic,16725263,17256726,18664560,17998196,18057024,18581990,19158480,19682607,20257380,20776400,21341997,21901800,22454514,22999200,23586144,24162840,24708000,25300760,25838325,26474190,27105715,27728142.4,28342883.8,29000025.6,29599138.8,30289714,30853541.4,31405663.2,31946079.4,32378568.4,32705325
,,,,,,,,,,,,,,,,,,,,,,,,,,,,,,,
,,,,,,,,,,,,,,,,,,,,,,,,,,,,,,,
,,,,,,,,,,,,,,,,,,,,,,,,,,,,,,,
,,,,,,,,,,,,,,,,,,,,,,,,,,,,,,,
,,,,,,,,,,,,,,,,,,,,,,,,,,,,,,,
,,,,,,,,,,,,,,,,,,,,,,,,,,,,,,,
,,,,,,`,,,,,,,,,,,,,,,,,,,,,,,,,
