Policy:,coal mining - methane destruction,Unit: g CO2e,,,,,,,,,,,,,,,,,,,,,,,,,,,,,,,,,,,
Lower Bound,Upper Bound,2015,2016,2017,2018,2019,2020,2021,2022,2023,2024,2025,2026,2027,2028,2029,2030,2031,2032,2033,2034,2035,2036,2037,2038,2039,2040,2041,2042,2043,2044,2045,2046,2047,2048,2049,2050
-1150,-1100,0,0,0,0,0,0,0,0,0,0,0,0,0,0,0,0,0,0,0,0,0,0,0,0,0,0,0,0,0,0,0,0,0,0,0,0
-1100,-1050,0,0,0,0,0,0,0,0,0,0,0,0,0,0,0,0,0,0,0,0,0,0,0,0,0,0,0,0,0,0,0,0,0,0,0,0
-1050,-1000,0,0,0,0,0,0,0,0,0,0,0,0,0,0,0,0,0,0,0,0,0,0,0,0,0,0,0,0,0,0,0,0,0,0,0,0
-1000,-950,0,0,0,0,0,0,0,0,0,0,0,0,0,0,0,0,0,0,0,0,0,0,0,0,0,0,0,0,0,0,0,0,0,0,0,0
-950,-900,0,0,0,0,0,0,0,0,0,0,0,0,0,0,0,0,0,0,0,0,0,0,0,0,0,0,0,0,0,0,0,0,0,0,0,0
-900,-850,0,0,0,0,0,0,0,0,0,0,0,0,0,0,0,0,0,0,0,0,0,0,0,0,0,0,0,0,0,0,0,0,0,0,0,0
-850,-800,0,0,0,0,0,0,0,0,0,0,0,0,0,0,0,0,0,0,0,0,0,0,0,0,0,0,0,0,0,0,0,0,0,0,0,0
-800,-750,0,0,0,0,0,0,0,0,0,0,0,0,0,0,0,0,0,0,0,0,0,0,0,0,0,0,0,0,0,0,0,0,0,0,0,0
-750,-700,0,0,0,0,0,0,0,0,0,0,0,0,0,0,0,0,0,0,0,0,0,0,0,0,0,0,0,0,0,0,0,0,0,0,0,0
-700,-650,0,0,0,0,0,0,0,0,0,0,0,0,0,0,0,0,0,0,0,0,0,0,0,0,0,0,0,0,0,0,0,0,0,0,0,0
-650,-600,0,0,0,0,0,0,0,0,0,0,0,0,0,0,0,0,0,0,0,0,0,0,0,0,0,0,0,0,0,0,0,0,0,0,0,0
-600,-550,0,0,0,0,0,0,0,0,0,0,0,0,0,0,0,0,0,0,0,0,0,0,0,0,0,0,0,0,0,0,0,0,0,0,0,0
-550,-500,0,0,0,0,0,0,0,0,0,0,0,0,0,0,0,0,0,0,0,0,0,0,0,0,0,0,0,0,0,0,0,0,0,0,0,0
-500,-450,0,0,0,0,0,0,0,0,0,0,0,0,0,0,0,0,0,0,0,0,0,0,0,0,0,0,0,0,0,0,0,0,0,0,0,0
-450,-400,0,0,0,0,0,0,0,0,0,0,0,0,0,0,0,0,0,0,0,0,0,0,0,0,0,0,0,0,0,0,0,0,0,0,0,0
-400,-350,0,0,0,0,0,0,0,0,0,0,0,0,0,0,0,0,0,0,0,0,0,0,0,0,0,0,0,0,0,0,0,0,0,0,0,0
-350,-300,0,0,0,0,0,0,0,0,0,0,0,0,0,0,0,0,0,0,0,0,0,0,0,0,0,0,0,0,0,0,0,0,0,0,0,0
-300,-250,0,0,0,0,0,0,0,0,0,0,0,0,0,0,0,0,0,0,0,0,0,0,0,0,0,0,0,0,0,0,0,0,0,0,0,0
-250,-200,0,0,0,0,0,0,0,0,0,0,0,0,0,0,0,0,0,0,0,0,0,0,0,0,0,0,0,0,0,0,0,0,0,0,0,0
-200,-150,0,0,0,0,0,0,0,0,0,0,0,0,0,0,0,0,0,0,0,0,0,0,0,0,0,0,0,0,0,0,0,0,0,0,0,0
-150,-100,0,0,0,0,0,0,0,0,0,0,0,0,0,0,0,0,0,0,0,0,0,0,0,0,0,0,0,0,0,0,0,0,0,0,0,0
-100,-90,0,0,0,0,0,0,0,0,0,0,0,0,0,0,0,0,0,0,0,0,0,0,0,0,0,0,0,0,0,0,0,0,0,0,0,0
-90,-80,0,0,0,0,0,0,0,0,0,0,0,0,0,0,0,0,0,0,0,0,0,0,0,0,0,0,0,0,0,0,0,0,0,0,0,0
-80,-70,0,0,0,0,0,0,0,0,0,0,0,0,0,0,0,0,0,0,0,0,0,0,0,0,0,0,0,0,0,0,0,0,0,0,0,0
-70,-60,0,0,0,0,0,0,0,0,0,0,0,0,0,0,0,0,0,0,0,0,0,0,0,0,0,0,0,0,0,0,0,0,0,0,0,0
-60,-50,0,0,0,0,0,0,0,0,0,0,0,0,0,0,0,0,0,0,0,0,0,0,0,0,0,0,0,0,0,0,0,0,0,0,0,0
-50,-40,0,0,0,0,0,0,0,0,0,0,0,0,0,0,0,0,0,0,0,0,0,0,0,0,0,0,0,0,0,0,0,0,0,0,0,0
-40,-30,0,0,0,0,0,0,0,0,0,0,0,0,0,0,0,0,0,0,0,0,0,0,0,0,0,0,0,0,0,0,0,0,0,0,0,0
-30,-20,0,0,0,0,0,0,0,0,0,0,0,0,0,0,0,0,0,0,0,0,0,0,0,0,0,0,0,0,0,0,0,0,0,0,0,0
-20,-10,0,0,0,0,0,0,0,0,0,0,0,0,0,0,0,0,0,0,0,0,0,0,0,0,0,0,0,0,0,0,0,0,0,0,0,0
-10,0,0,0,0,0,0,0,0,0,0,0,0,0,0,0,0,0,0,0,0,0,0,0,0,0,0,0,0,0,0,0,0,0,0,0,0,0
0,0,0,0,0,0,0,0,0,0,0,0,0,0,0,0,0,0,0,0,0,0,0,0,0,0,0,0,0,0,0,0,0,0,0,0,0,0
0.1,10,19.04,18.816,18.592,18.368,18.144,134.0994531,134.0994531,134.0994531,134.0994531,134.0994531,134.0994531,134.0994531,134.0994531,134.0994531,134.0994531,134.0994531,134.0994531,134.0994531,134.0994531,134.0994531,134.0994531,135.7756963,137.4519394,139.1281826,140.8044258,142.4806689,142.4806689,142.4806689,142.4806689,142.4806689,142.4806689,142.4806689,142.4806689,142.4806689,142.4806689,142.4806689
10,20,16.8,16.576,16.352,16.128,15.904,117.3370215,119.0132646,120.6895078,122.365751,124.0419941,125.7182373,129.0707236,132.42321,135.7756963,139.1281826,142.4806689,140.8044258,139.1281826,137.4519394,135.7756963,134.0994531,135.7756963,137.4519394,139.1281826,140.8044258,142.4806689,142.4806689,142.4806689,142.4806689,142.4806689,142.4806689,140.8044258,139.1281826,137.4519394,135.7756963,134.0994531
20,30,8.96,8.96,8.96,8.96,8.96,67.04972656,68.72596972,70.40221289,72.07845605,73.75469922,75.43094238,77.10718554,78.78342871,80.45967187,82.13591504,83.8121582,83.8121582,83.8121582,83.8121582,83.8121582,83.8121582,82.13591504,80.45967187,78.78342871,77.10718554,75.43094238,75.43094238,75.43094238,75.43094238,75.43094238,75.43094238,75.43094238,75.43094238,75.43094238,75.43094238,75.43094238
30,40,8.96,8.736,8.512,8.288,8.064,58.66851074,60.3447539,62.02099707,63.69724023,65.3734834,67.04972656,67.04972656,67.04972656,67.04972656,67.04972656,67.04972656,67.04972656,67.04972656,67.04972656,67.04972656,67.04972656,65.3734834,63.69724023,62.02099707,60.3447539,58.66851074,58.66851074,58.66851074,58.66851074,58.66851074,58.66851074,62.02099707,65.3734834,68.72596972,72.07845605,75.43094238
40,50,6.72,6.72,6.72,6.72,6.72,50.28729492,51.96353808,53.63978125,55.31602441,56.99226758,58.66851074,58.66851074,58.66851074,58.66851074,58.66851074,58.66851074,56.99226758,55.31602441,53.63978125,51.96353808,50.28729492,50.28729492,50.28729492,50.28729492,50.28729492,50.28729492,51.96353808,53.63978125,55.31602441,56.99226758,58.66851074,58.66851074,58.66851074,58.66851074,58.66851074,58.66851074
50,60,7.84,7.84,7.84,7.84,7.84,58.66851074,56.99226758,55.31602441,53.63978125,51.96353808,50.28729492,50.28729492,50.28729492,50.28729492,50.28729492,50.28729492,50.28729492,50.28729492,50.28729492,50.28729492,50.28729492,50.28729492,50.28729492,50.28729492,50.28729492,50.28729492,48.61105176,46.93480859,45.25856543,43.58232226,41.9060791,43.58232226,45.25856543,46.93480859,48.61105176,50.28729492
60,70,3.36,3.808,4.256,4.704,5.152,41.9060791,40.22983594,38.55359277,36.87734961,35.20110644,33.52486328,33.52486328,33.52486328,33.52486328,33.52486328,33.52486328,35.20110644,36.87734961,38.55359277,40.22983594,41.9060791,40.22983594,38.55359277,36.87734961,35.20110644,33.52486328,33.52486328,33.52486328,33.52486328,33.52486328,33.52486328,33.52486328,33.52486328,33.52486328,33.52486328,33.52486328
70,80,4.48,4.256,4.032,3.808,3.584,25.14364746,25.14364746,25.14364746,25.14364746,25.14364746,25.14364746,23.4674043,21.79116113,20.11491797,18.4386748,16.76243164,18.4386748,20.11491797,21.79116113,23.4674043,25.14364746,25.14364746,25.14364746,25.14364746,25.14364746,25.14364746,25.14364746,25.14364746,25.14364746,25.14364746,25.14364746,23.4674043,21.79116113,20.11491797,18.4386748,16.76243164
80,90,2.24,2.464,2.688,2.912,3.136,25.14364746,26.81989062,28.49613379,30.17237695,31.84862012,33.52486328,33.52486328,33.52486328,33.52486328,33.52486328,33.52486328,30.17237695,26.81989062,23.4674043,20.11491797,16.76243164,16.76243164,16.76243164,16.76243164,16.76243164,16.76243164,18.4386748,20.11491797,21.79116113,23.4674043,25.14364746,23.4674043,21.79116113,20.11491797,18.4386748,16.76243164
90,100,2.24,2.24,2.24,2.24,2.24,16.76243164,16.76243164,16.76243164,16.76243164,16.76243164,16.76243164,16.76243164,16.76243164,16.76243164,16.76243164,16.76243164,18.4386748,20.11491797,21.79116113,23.4674043,25.14364746,25.14364746,25.14364746,25.14364746,25.14364746,25.14364746,25.14364746,25.14364746,25.14364746,25.14364746,25.14364746,25.14364746,25.14364746,25.14364746,25.14364746,25.14364746
100,150,10.08,10.528,10.976,11.424,11.872,92.19337402,88.84088769,85.48840136,82.13591504,78.78342871,75.43094238,77.10718554,78.78342871,80.45967187,82.13591504,83.8121582,83.8121582,83.8121582,83.8121582,83.8121582,83.8121582,83.8121582,83.8121582,83.8121582,83.8121582,83.8121582,83.8121582,83.8121582,83.8121582,83.8121582,83.8121582,82.13591504,80.45967187,78.78342871,77.10718554,75.43094238
150,200,0,0,0,0,0,0,0,0,0,0,0,0,0,0,0,0,0,0,0,0,0,0,0,0,0,0,0,0,0,0,0,0,0,0,0,0
200,250,0,0,0,0,0,0,0,0,0,0,0,0,0,0,0,0,0,0,0,0,0,0,0,0,0,0,0,0,0,0,0,0,0,0,0,0
250,300,0,0,0,0,0,0,0,0,0,0,0,0,0,0,0,0,0,0,0,0,0,0,0,0,0,0,0,0,0,0,0,0,0,0,0,0
300,350,0,0,0,0,0,0,0,0,0,0,0,0,0,0,0,0,0,0,0,0,0,0,0,0,0,0,0,0,0,0,0,0,0,0,0,0
350,400,0,0,0,0,0,0,0,0,0,0,0,0,0,0,0,0,0,0,0,0,0,0,0,0,0,0,0,0,0,0,0,0,0,0,0,0
400,450,0,0,0,0,0,0,0,0,0,0,0,0,0,0,0,0,0,0,0,0,0,0,0,0,0,0,0,0,0,0,0,0,0,0,0,0
450,500,0,0,0,0,0,0,0,0,0,0,0,0,0,0,0,0,0,0,0,0,0,0,0,0,0,0,0,0,0,0,0,0,0,0,0,0
500,550,0,0,0,0,0,0,0,0,0,0,0,0,0,0,0,0,0,0,0,0,0,0,0,0,0,0,0,0,0,0,0,0,0,0,0,0
550,600,0,0,0,0,0,0,0,0,0,0,0,0,0,0,0,0,0,0,0,0,0,0,0,0,0,0,0,0,0,0,0,0,0,0,0,0
600,650,0,0,0,0,0,0,0,0,0,0,0,0,0,0,0,0,0,0,0,0,0,0,0,0,0,0,0,0,0,0,0,0,0,0,0,0
650,700,0,0,0,0,0,0,0,0,0,0,0,0,0,0,0,0,0,0,0,0,0,0,0,0,0,0,0,0,0,0,0,0,0,0,0,0
700,750,0,0,0,0,0,0,0,0,0,0,0,0,0,0,0,0,0,0,0,0,0,0,0,0,0,0,0,0,0,0,0,0,0,0,0,0
750,800,0,0,0,0,0,0,0,0,0,0,0,0,0,0,0,0,0,0,0,0,0,0,0,0,0,0,0,0,0,0,0,0,0,0,0,0
800,850,0,0,0,0,0,0,0,0,0,0,0,0,0,0,0,0,0,0,0,0,0,0,0,0,0,0,0,0,0,0,0,0,0,0,0,0
850,900,0,0,0,0,0,0,0,0,0,0,0,0,0,0,0,0,0,0,0,0,0,0,0,0,0,0,0,0,0,0,0,0,0,0,0,0
900,950,0,0,0,0,0,0,0,0,0,0,0,0,0,0,0,0,0,0,0,0,0,0,0,0,0,0,0,0,0,0,0,0,0,0,0,0
950,1000,0,0,0,0,0,0,0,0,0,0,0,0,0,0,0,0,0,0,0,0,0,0,0,0,0,0,0,0,0,0,0,0,0,0,0,0
1000,1050,0,0,0,0,0,0,0,0,0,0,0,0,0,0,0,0,0,0,0,0,0,0,0,0,0,0,0,0,0,0,0,0,0,0,0,0
1050,1100,0,0,0,0,0,0,0,0,0,0,0,0,0,0,0,0,0,0,0,0,0,0,0,0,0,0,0,0,0,0,0,0,0,0,0,0
1100,1150,0,0,0,0,0,0,0,0,0,0,0,0,0,0,0,0,0,0,0,0,0,0,0,0,0,0,0,0,0,0,0,0,0,0,0,0
1150,1200,0,0,0,0,0,0,0,0,0,0,0,0,0,0,0,0,0,0,0,0,0,0,0,0,0,0,0,0,0,0,0,0,0,0,0,0
1200,1250,0,0,0,0,0,0,0,0,0,0,0,0,0,0,0,0,0,0,0,0,0,0,0,0,0,0,0,0,0,0,0,0,0,0,0,0
1250,1300,0,0,0,0,0,0,0,0,0,0,0,0,0,0,0,0,0,0,0,0,0,0,0,0,0,0,0,0,0,0,0,0,0,0,0,0
1300,1350,0,0,0,0,0,0,0,0,0,0,0,0,0,0,0,0,0,0,0,0,0,0,0,0,0,0,0,0,0,0,0,0,0,0,0,0
1350,1400,0,0,0,0,0,0,0,0,0,0,0,0,0,0,0,0,0,0,0,0,0,0,0,0,0,0,0,0,0,0,0,0,0,0,0,0
1400,1450,0,0,0,0,0,0,0,0,0,0,0,0,0,0,0,0,0,0,0,0,0,0,0,0,0,0,0,0,0,0,0,0,0,0,0,0
1450,1500,0,0,0,0,0,0,0,0,0,0,0,0,0,0,0,0,0,0,0,0,0,0,0,0,0,0,0,0,0,0,0,0,0,0,0,0
1500,1550,0,0,0,0,0,0,0,0,0,0,0,0,0,0,0,0,0,0,0,0,0,0,0,0,0,0,0,0,0,0,0,0,0,0,0,0
1550,1600,0,0,0,0,0,0,0,0,0,0,0,0,0,0,0,0,0,0,0,0,0,0,0,0,0,0,0,0,0,0,0,0,0,0,0,0
