Unit: dimensionless (ratio of electricity demand in this hour to annual demand),Hour0,Hour1,Hour2,Hour3,Hour4,Hour5,Hour6,Hour7,Hour8,Hour9,Hour10,Hour11,Hour12,Hour13,Hour14,Hour15,Hour16,Hour17,Hour18,Hour19,Hour20,Hour21,Hour22,Hour23
Winter,5.9026E-05,5.7523E-05,5.7122E-05,5.7244E-05,5.7021E-05,5.8173E-05,8.2077E-05,1.5260E-04,1.6944E-04,1.5971E-04,1.3930E-04,1.4119E-04,1.4168E-04,1.3895E-04,1.3739E-04,1.5442E-04,1.7772E-04,1.8464E-04,1.7338E-04,1.4942E-04,1.3962E-04,1.3271E-04,1.2733E-04,8.5640E-05
Spring,5.3853E-05,5.2383E-05,5.1990E-05,5.2110E-05,5.1892E-05,5.3019E-05,7.4988E-05,1.4021E-04,1.5589E-04,1.4692E-04,1.2860E-04,1.2996E-04,1.3054E-04,1.2856E-04,1.2654E-04,1.4195E-04,1.6352E-04,1.7029E-04,1.6026E-04,1.3783E-04,1.2849E-04,1.2123E-04,1.1619E-04,7.8179E-05
Summer,5.0324E-05,4.8854E-05,4.8461E-05,4.8581E-05,4.8363E-05,4.9490E-05,7.0174E-05,1.3133E-04,1.4724E-04,1.3860E-04,1.2068E-04,1.2254E-04,1.2345E-04,1.2090E-04,1.1938E-04,1.3355E-04,1.5444E-04,1.6121E-04,1.5194E-04,1.3024E-04,1.2066E-04,1.1381E-04,1.0862E-04,7.3098E-05
Fall,5.6085E-05,5.4598E-05,5.4201E-05,5.4322E-05,5.4102E-05,5.5241E-05,7.8048E-05,1.4540E-04,1.6189E-04,1.5265E-04,1.3316E-04,1.3479E-04,1.3558E-04,1.3299E-04,1.3120E-04,1.4754E-04,1.6980E-04,1.7664E-04,1.6600E-04,1.4281E-04,1.3338E-04,1.2629E-04,1.2097E-04,8.1398E-05
Summer Peak,6.2845E-05,5.9474E-05,5.8554E-05,5.8554E-05,5.8248E-05,5.8708E-05,7.2951E-05,1.4584E-04,1.6050E-04,1.4200E-04,1.3804E-04,1.4279E-04,1.3988E-04,1.3358E-04,1.3174E-04,1.3537E-04,1.5735E-04,1.6678E-04,1.5421E-04,1.4272E-04,1.3797E-04,1.3260E-04,1.3076E-04,8.7892E-05
Winter Peak,7.3338E-05,6.9893E-05,6.8953E-05,6.8953E-05,6.8640E-05,6.9109E-05,8.5665E-05,1.6905E-04,1.8403E-04,1.6335E-04,1.5942E-04,1.6427E-04,1.6064E-04,1.5285E-04,1.5098E-04,1.5693E-04,1.8082E-04,1.9045E-04,1.7512E-04,1.6542E-04,1.6056E-04,1.5508E-04,1.5320E-04,1.0295E-04
,,,,,,,,,,,,,,,,,,,,,,,,
,,,,,,,,,,,,,,,,,,,,,,,,
,,,,,,,,,,,,,,,,,,,,,,,,
,,,,,,,,,,,,,,,,,,,,,,,,
,,,,,,,,,,,,,,,,,,,,,,,,
,,,,,,,,,,,,,,,,,,,,,,,,
,,,,,,,,,,,,,,,,,,,,,,,,
,,,,,,,,,,,,,,,,,,,,,,,,
